position,ticker,company,sector,in_kospi200,source_as_of,source_url
1,005930,삼성전자,,Y,2026-08-23,https://finance.naver.com/sise/entryJongmok.naver?code=KOSPI200&page=1
2,000660,SK하이닉스,,Y,2026-08-23,https://finance.naver.com/sise/entryJongmok.naver?code=KOSPI200&page=1
3,402340,SK스퀘어,,Y,2026-08-23,https://finance.naver.com/sise/entryJongmok.naver?code=KOSPI200&page=1
4,009150,삼성전기,,Y,2026-08-23,https://finance.naver.com/sise/entryJongmok.naver?code=KOSPI200&page=1
5,005380,현대차,,Y,2026-08-23,https://finance.naver.com/sise/entryJongmok.naver?code=KOSPI200&page=1
6,373220,LG에너지솔루션,,Y,2026-08-23,https://finance.naver.com/sise/entryJongmok.naver?code=KOSPI200&page=1
7,207940,삼성바이오로직스,,Y,2026-08-23,https://finance.naver.com/sise/entryJongmok.naver?code=KOSPI200&page=1
8,032830,삼성생명,,Y,2026-08-23,https://finance.naver.com/sise/entryJongmok.naver?code=KOSPI200&page=1
9,028260,삼성물산,,Y,2026-08-23,https://finance.naver.com/sise/entryJongmok.naver?code=KOSPI200&page=1
10,105560,KB금융,,Y,2026-08-23,https://finance.naver.com/sise/entryJongmok.naver?code=KOSPI200&page=1
11,012450,한화에어로스페이스,,Y,2026-08-23,https://finance.naver.com/sise/entryJongmok.naver?code=KOSPI200&page=1
12,000270,기아,,Y,2026-08-23,https://finance.naver.com/sise/entryJongmok.naver?code=KOSPI200&page=1
13,055550,신한지주,,Y,2026-08-23,https://finance.naver.com/sise/entryJongmok.naver?code=KOSPI200&page=1
14,329180,HD현대중공업,,Y,2026-08-23,https://finance.naver.com/sise/entryJongmok.naver?code=KOSPI200&page=1
15,034020,두산에너빌리티,,Y,2026-08-23,https://finance.naver.com/sise/entryJongmok.naver?code=KOSPI200&page=1
16,012330,현대모비스,,Y,2026-08-23,https://finance.naver.com/sise/entryJongmok.naver?code=KOSPI200&page=1
17,068270,셀트리온,,Y,2026-08-23,https://finance.naver.com/sise/entryJongmok.naver?code=KOSPI200&page=1
18,034730,SK,,Y,2026-08-23,https://finance.naver.com/sise/entryJongmok.naver?code=KOSPI200&page=1
19,006400,삼성SDI,,Y,2026-08-23,https://finance.naver.com/sise/entryJongmok.naver?code=KOSPI200&page=1
20,086790,하나금융지주,,Y,2026-08-23,https://finance.naver.com/sise/entryJongmok.naver?code=KOSPI200&page=1
21,035420,NAVER,,Y,2026-08-23,https://finance.naver.com/sise/entryJongmok.naver?code=KOSPI200&page=1
22,066570,LG전자,,Y,2026-08-23,https://finance.naver.com/sise/entryJongmok.naver?code=KOSPI200&page=1
23,000810,삼성화재,,Y,2026-08-23,https://finance.naver.com/sise/entryJongmok.naver?code=KOSPI200&page=1
24,010120,LS ELECTRIC,,Y,2026-08-23,https://finance.naver.com/sise/entryJongmok.naver?code=KOSPI200&page=1
25,267260,HD현대일렉트릭,,Y,2026-08-23,https://finance.naver.com/sise/entryJongmok.naver?code=KOSPI200&page=1
26,010130,고려아연,,Y,2026-08-23,https://finance.naver.com/sise/entryJongmok.naver?code=KOSPI200&page=1
27,042660,한화오션,,Y,2026-08-23,https://finance.naver.com/sise/entryJongmok.naver?code=KOSPI200&page=1
28,298040,효성중공업,,Y,2026-08-23,https://finance.naver.com/sise/entryJongmok.naver?code=KOSPI200&page=1
29,009540,HD한국조선해양,,Y,2026-08-23,https://finance.naver.com/sise/entryJongmok.naver?code=KOSPI200&page=1
30,005490,POSCO홀딩스,,Y,2026-08-23,https://finance.naver.com/sise/entryJongmok.naver?code=KOSPI200&page=1
31,316140,우리금융지주,,Y,2026-08-23,https://finance.naver.com/sise/entryJongmok.naver?code=KOSPI200&page=1
32,017670,SK텔레콤,,Y,2026-08-23,https://finance.naver.com/sise/entryJongmok.naver?code=KOSPI200&page=1
33,096770,SK이노베이션,,Y,2026-08-23,https://finance.naver.com/sise/entryJongmok.naver?code=KOSPI200&page=1
34,015760,한국전력,,Y,2026-08-23,https://finance.naver.com/sise/entryJongmok.naver?code=KOSPI200&page=1
35,011200,HMM,,Y,2026-08-23,https://finance.naver.com/sise/entryJongmok.naver?code=KOSPI200&page=1
36,042700,한미반도체,,Y,2026-08-23,https://finance.naver.com/sise/entryJongmok.naver?code=KOSPI200&page=1
37,138040,메리츠금융지주,,Y,2026-08-23,https://finance.naver.com/sise/entryJongmok.naver?code=KOSPI200&page=1
38,006800,미래에셋증권,,Y,2026-08-23,https://finance.naver.com/sise/entryJongmok.naver?code=KOSPI200&page=1
39,033780,KT&G,,Y,2026-08-23,https://finance.naver.com/sise/entryJongmok.naver?code=KOSPI200&page=1
40,051910,LG화학,,Y,2026-08-23,https://finance.naver.com/sise/entryJongmok.naver?code=KOSPI200&page=1
41,010140,삼성중공업,,Y,2026-08-23,https://finance.naver.com/sise/entryJongmok.naver?code=KOSPI200&page=1
42,018260,삼성에스디에스,,Y,2026-08-23,https://finance.naver.com/sise/entryJongmok.naver?code=KOSPI200&page=1
43,000150,두산,,Y,2026-08-23,https://finance.naver.com/sise/entryJongmok.naver?code=KOSPI200&page=1
44,267250,HD현대,,Y,2026-08-23,https://finance.naver.com/sise/entryJongmok.naver?code=KOSPI200&page=1
45,003550,LG,,Y,2026-08-23,https://finance.naver.com/sise/entryJongmok.naver?code=KOSPI200&page=1
46,024110,기업은행,,Y,2026-08-23,https://finance.naver.com/sise/entryJongmok.naver?code=KOSPI200&page=1
47,010950,S-Oil,,Y,2026-08-23,https://finance.naver.com/sise/entryJongmok.naver?code=KOSPI200&page=1
48,035720,카카오,,Y,2026-08-23,https://finance.naver.com/sise/entryJongmok.naver?code=KOSPI200&page=1
49,079550,LIG디펜스앤에어로스페이스,,Y,2026-08-23,https://finance.naver.com/sise/entryJongmok.naver?code=KOSPI200&page=1
50,086280,현대글로비스,,Y,2026-08-23,https://finance.naver.com/sise/entryJongmok.naver?code=KOSPI200&page=1
51,278470,에이피알,,Y,2026-08-23,https://finance.naver.com/sise/entryJongmok.naver?code=KOSPI200&page=1
52,064350,현대로템,,Y,2026-08-23,https://finance.naver.com/sise/entryJongmok.naver?code=KOSPI200&page=1
53,003670,포스코퓨처엠,,Y,2026-08-23,https://finance.naver.com/sise/entryJongmok.naver?code=KOSPI200&page=1
54,272210,한화시스템,,Y,2026-08-23,https://finance.naver.com/sise/entryJongmok.naver?code=KOSPI200&page=1
55,030200,KT,,Y,2026-08-23,https://finance.naver.com/sise/entryJongmok.naver?code=KOSPI200&page=1
56,011070,LG이노텍,,Y,2026-08-23,https://finance.naver.com/sise/entryJongmok.naver?code=KOSPI200&page=1
57,047810,한국항공우주,,Y,2026-08-23,https://finance.naver.com/sise/entryJongmok.naver?code=KOSPI200&page=1
58,307950,현대오토에버,,Y,2026-08-23,https://finance.naver.com/sise/entryJongmok.naver?code=KOSPI200&page=1
59,000720,현대건설,,Y,2026-08-23,https://finance.naver.com/sise/entryJongmok.naver?code=KOSPI200&page=1
60,005830,DB손해보험,,Y,2026-08-23,https://finance.naver.com/sise/entryJongmok.naver?code=KOSPI200&page=1
61,078930,GS,,Y,2026-08-23,https://finance.naver.com/sise/entryJongmok.naver?code=KOSPI200&page=1
62,003230,삼양식품,,Y,2026-08-23,https://finance.naver.com/sise/entryJongmok.naver?code=KOSPI200&page=1
63,071050,한국금융지주,,Y,2026-08-23,https://finance.naver.com/sise/entryJongmok.naver?code=KOSPI200&page=1
64,259960,크래프톤,,Y,2026-08-23,https://finance.naver.com/sise/entryJongmok.naver?code=KOSPI200&page=1
65,323410,카카오뱅크,,Y,2026-08-23,https://finance.naver.com/sise/entryJongmok.naver?code=KOSPI200&page=1
66,005940,NH투자증권,,Y,2026-08-23,https://finance.naver.com/sise/entryJongmok.naver?code=KOSPI200&page=1
67,003490,대한항공,,Y,2026-08-23,https://finance.naver.com/sise/entryJongmok.naver?code=KOSPI200&page=1
68,006260,LS,,Y,2026-08-23,https://finance.naver.com/sise/entryJongmok.naver?code=KOSPI200&page=1
69,047050,포스코인터내셔널,,Y,2026-08-23,https://finance.naver.com/sise/entryJongmok.naver?code=KOSPI200&page=1
70,443060,HD현대마린솔루션,,Y,2026-08-23,https://finance.naver.com/sise/entryJongmok.naver?code=KOSPI200&page=1
71,028050,삼성E&A,,Y,2026-08-23,https://finance.naver.com/sise/entryJongmok.naver?code=KOSPI200&page=1
72,016360,삼성증권,,Y,2026-08-23,https://finance.naver.com/sise/entryJongmok.naver?code=KOSPI200&page=1
73,161390,한국타이어앤테크놀로지,,Y,2026-08-23,https://finance.naver.com/sise/entryJongmok.naver?code=KOSPI200&page=1
74,090430,아모레퍼시픽,,Y,2026-08-23,https://finance.naver.com/sise/entryJongmok.naver?code=KOSPI200&page=1
75,180640,한진칼,,Y,2026-08-23,https://finance.naver.com/sise/entryJongmok.naver?code=KOSPI200&page=1
76,007660,이수페타시스,,Y,2026-08-23,https://finance.naver.com/sise/entryJongmok.naver?code=KOSPI200&page=1
77,352820,하이브,,Y,2026-08-23,https://finance.naver.com/sise/entryJongmok.naver?code=KOSPI200&page=1
78,009830,한화솔루션,,Y,2026-08-23,https://finance.naver.com/sise/entryJongmok.naver?code=KOSPI200&page=1
79,039490,키움증권,,Y,2026-08-23,https://finance.naver.com/sise/entryJongmok.naver?code=KOSPI200&page=1
80,064400,LG씨엔에스,,Y,2026-08-23,https://finance.naver.com/sise/entryJongmok.naver?code=KOSPI200&page=1
81,021240,코웨이,,Y,2026-08-23,https://finance.naver.com/sise/entryJongmok.naver?code=KOSPI200&page=1
82,000100,유한양행,,Y,2026-08-23,https://finance.naver.com/sise/entryJongmok.naver?code=KOSPI200&page=1
83,326030,SK바이오팜,,Y,2026-08-23,https://finance.naver.com/sise/entryJongmok.naver?code=KOSPI200&page=1
84,047040,대우건설,,Y,2026-08-23,https://finance.naver.com/sise/entryJongmok.naver?code=KOSPI200&page=1
85,032640,LG유플러스,,Y,2026-08-23,https://finance.naver.com/sise/entryJongmok.naver?code=KOSPI200&page=1
86,000880,한화,,Y,2026-08-23,https://finance.naver.com/sise/entryJongmok.naver?code=KOSPI200&page=1
87,377300,카카오페이,,Y,2026-08-23,https://finance.naver.com/sise/entryJongmok.naver?code=KOSPI200&page=1
88,241560,두산밥캣,,Y,2026-08-23,https://finance.naver.com/sise/entryJongmok.naver?code=KOSPI200&page=1
89,267270,HD건설기계,,Y,2026-08-23,https://finance.naver.com/sise/entryJongmok.naver?code=KOSPI200&page=1
90,029780,삼성카드,,Y,2026-08-23,https://finance.naver.com/sise/entryJongmok.naver?code=KOSPI200&page=1
91,128940,한미약품,,Y,2026-08-23,https://finance.naver.com/sise/entryJongmok.naver?code=KOSPI200&page=1
92,001440,대한전선,,Y,2026-08-23,https://finance.naver.com/sise/entryJongmok.naver?code=KOSPI200&page=1
93,062040,산일전기,,Y,2026-08-23,https://finance.naver.com/sise/entryJongmok.naver?code=KOSPI200&page=1
94,175330,JB금융지주,,Y,2026-08-23,https://finance.naver.com/sise/entryJongmok.naver?code=KOSPI200&page=1
95,271560,오리온,,Y,2026-08-23,https://finance.naver.com/sise/entryJongmok.naver?code=KOSPI200&page=1
96,010060,OCI홀딩스,,Y,2026-08-23,https://finance.naver.com/sise/entryJongmok.naver?code=KOSPI200&page=1
97,036570,NC,,Y,2026-08-23,https://finance.naver.com/sise/entryJongmok.naver?code=KOSPI200&page=1
98,088350,한화생명,,Y,2026-08-23,https://finance.naver.com/sise/entryJongmok.naver?code=KOSPI200&page=1
99,034220,LG디스플레이,,Y,2026-08-23,https://finance.naver.com/sise/entryJongmok.naver?code=KOSPI200&page=1
100,051900,LG생활건강,,Y,2026-08-23,https://finance.naver.com/sise/entryJongmok.naver?code=KOSPI200&page=1
101,454910,두산로보틱스,,Y,2026-08-23,https://finance.naver.com/sise/entryJongmok.naver?code=KOSPI200&page=1
102,138930,BNK금융지주,,Y,2026-08-23,https://finance.naver.com/sise/entryJongmok.naver?code=KOSPI200&page=1
103,066970,엘앤에프,,Y,2026-08-23,https://finance.naver.com/sise/entryJongmok.naver?code=KOSPI200&page=1
104,001450,현대해상,,Y,2026-08-23,https://finance.naver.com/sise/entryJongmok.naver?code=KOSPI200&page=1
105,002380,KCC,,Y,2026-08-23,https://finance.naver.com/sise/entryJongmok.naver?code=KOSPI200&page=1
106,011790,SKC,,Y,2026-08-23,https://finance.naver.com/sise/entryJongmok.naver?code=KOSPI200&page=1
107,000990,DB하이텍,,Y,2026-08-23,https://finance.naver.com/sise/entryJongmok.naver?code=KOSPI200&page=1
108,004170,신세계,,Y,2026-08-23,https://finance.naver.com/sise/entryJongmok.naver?code=KOSPI200&page=1
109,082740,한화엔진,,Y,2026-08-23,https://finance.naver.com/sise/entryJongmok.naver?code=KOSPI200&page=1
110,004020,현대제철,,Y,2026-08-23,https://finance.naver.com/sise/entryJongmok.naver?code=KOSPI200&page=1
111,001040,CJ,,Y,2026-08-23,https://finance.naver.com/sise/entryJongmok.naver?code=KOSPI200&page=1
112,052690,한전기술,,Y,2026-08-23,https://finance.naver.com/sise/entryJongmok.naver?code=KOSPI200&page=1
113,018880,한온시스템,,Y,2026-08-23,https://finance.naver.com/sise/entryJongmok.naver?code=KOSPI200&page=1
114,111770,영원무역,,Y,2026-08-23,https://finance.naver.com/sise/entryJongmok.naver?code=KOSPI200&page=1
115,036460,한국가스공사,,Y,2026-08-23,https://finance.naver.com/sise/entryJongmok.naver?code=KOSPI200&page=1
116,161890,한국콜마,,Y,2026-08-23,https://finance.naver.com/sise/entryJongmok.naver?code=KOSPI200&page=1
117,028670,팬오션,,Y,2026-08-23,https://finance.naver.com/sise/entryJongmok.naver?code=KOSPI200&page=1
118,251270,넷마블,,Y,2026-08-23,https://finance.naver.com/sise/entryJongmok.naver?code=KOSPI200&page=1
119,192820,코스맥스,,Y,2026-08-23,https://finance.naver.com/sise/entryJongmok.naver?code=KOSPI200&page=1
120,008930,한미사이언스,,Y,2026-08-23,https://finance.naver.com/sise/entryJongmok.naver?code=KOSPI200&page=1
121,035250,강원랜드,,Y,2026-08-23,https://finance.naver.com/sise/entryJongmok.naver?code=KOSPI200&page=1
122,022100,포스코DX,,Y,2026-08-23,https://finance.naver.com/sise/entryJongmok.naver?code=KOSPI200&page=1
123,009420,한올바이오파마,,Y,2026-08-23,https://finance.naver.com/sise/entryJongmok.naver?code=KOSPI200&page=1
124,011780,금호석유화학,,Y,2026-08-23,https://finance.naver.com/sise/entryJongmok.naver?code=KOSPI200&page=1
125,012750,에스원,,Y,2026-08-23,https://finance.naver.com/sise/entryJongmok.naver?code=KOSPI200&page=1
126,302440,SK바이오사이언스,,Y,2026-08-23,https://finance.naver.com/sise/entryJongmok.naver?code=KOSPI200&page=1
127,017800,현대엘리베이터,,Y,2026-08-23,https://finance.naver.com/sise/entryJongmok.naver?code=KOSPI200&page=1
128,097950,CJ제일제당,,Y,2026-08-23,https://finance.naver.com/sise/entryJongmok.naver?code=KOSPI200&page=1
129,023530,롯데쇼핑,,Y,2026-08-23,https://finance.naver.com/sise/entryJongmok.naver?code=KOSPI200&page=1
130,139130,iM금융지주,,Y,2026-08-23,https://finance.naver.com/sise/entryJongmok.naver?code=KOSPI200&page=1
131,483650,달바글로벌,,Y,2026-08-23,https://finance.naver.com/sise/entryJongmok.naver?code=KOSPI200&page=1
132,375500,DL이앤씨,,Y,2026-08-23,https://finance.naver.com/sise/entryJongmok.naver?code=KOSPI200&page=1
133,004370,농심,,Y,2026-08-23,https://finance.naver.com/sise/entryJongmok.naver?code=KOSPI200&page=1
134,007340,DN오토모티브,,Y,2026-08-23,https://finance.naver.com/sise/entryJongmok.naver?code=KOSPI200&page=1
135,026960,동서,,Y,2026-08-23,https://finance.naver.com/sise/entryJongmok.naver?code=KOSPI200&page=1
136,282330,BGF리테일,,Y,2026-08-23,https://finance.naver.com/sise/entryJongmok.naver?code=KOSPI200&page=1
137,005850,에스엘,,Y,2026-08-23,https://finance.naver.com/sise/entryJongmok.naver?code=KOSPI200&page=1
138,450080,에코프로머티,,Y,2026-08-23,https://finance.naver.com/sise/entryJongmok.naver?code=KOSPI200&page=1
139,204320,HL만도,,Y,2026-08-23,https://finance.naver.com/sise/entryJongmok.naver?code=KOSPI200&page=1
140,383220,F&F,,Y,2026-08-23,https://finance.naver.com/sise/entryJongmok.naver?code=KOSPI200&page=1
141,011170,롯데케미칼,,Y,2026-08-23,https://finance.naver.com/sise/entryJongmok.naver?code=KOSPI200&page=1
142,004990,롯데지주,,Y,2026-08-23,https://finance.naver.com/sise/entryJongmok.naver?code=KOSPI200&page=1
143,081660,미스토홀딩스,,Y,2026-08-23,https://finance.naver.com/sise/entryJongmok.naver?code=KOSPI200&page=1
144,000240,한국앤컴퍼니,,Y,2026-08-23,https://finance.naver.com/sise/entryJongmok.naver?code=KOSPI200&page=1
145,103140,풍산,,Y,2026-08-23,https://finance.naver.com/sise/entryJongmok.naver?code=KOSPI200&page=1
146,030000,제일기획,,Y,2026-08-23,https://finance.naver.com/sise/entryJongmok.naver?code=KOSPI200&page=1
147,014680,한솔케미칼,,Y,2026-08-23,https://finance.naver.com/sise/entryJongmok.naver?code=KOSPI200&page=1
148,009970,영원무역홀딩스,,Y,2026-08-23,https://finance.naver.com/sise/entryJongmok.naver?code=KOSPI200&page=1
149,007070,GS리테일,,Y,2026-08-23,https://finance.naver.com/sise/entryJongmok.naver?code=KOSPI200&page=1
150,073240,금호타이어,,Y,2026-08-23,https://finance.naver.com/sise/entryJongmok.naver?code=KOSPI200&page=1
151,069960,현대백화점,,Y,2026-08-23,https://finance.naver.com/sise/entryJongmok.naver?code=KOSPI200&page=1
152,002790,아모레퍼시픽홀딩스,,Y,2026-08-23,https://finance.naver.com/sise/entryJongmok.naver?code=KOSPI200&page=1
153,139480,이마트,,Y,2026-08-23,https://finance.naver.com/sise/entryJongmok.naver?code=KOSPI200&page=1
154,051600,한전KPS,,Y,2026-08-23,https://finance.naver.com/sise/entryJongmok.naver?code=KOSPI200&page=1
155,112610,씨에스윈드,,Y,2026-08-23,https://finance.naver.com/sise/entryJongmok.naver?code=KOSPI200&page=1
156,457190,이수스페셜티케미컬,,Y,2026-08-23,https://finance.naver.com/sise/entryJongmok.naver?code=KOSPI200&page=1
157,071970,HD현대마린엔진,,Y,2026-08-23,https://finance.naver.com/sise/entryJongmok.naver?code=KOSPI200&page=1
158,000120,CJ대한통운,,Y,2026-08-23,https://finance.naver.com/sise/entryJongmok.naver?code=KOSPI200&page=1
159,006040,동원산업,,Y,2026-08-23,https://finance.naver.com/sise/entryJongmok.naver?code=KOSPI200&page=1
160,008770,호텔신라,,Y,2026-08-23,https://finance.naver.com/sise/entryJongmok.naver?code=KOSPI200&page=1
161,011210,현대위아,,Y,2026-08-23,https://finance.naver.com/sise/entryJongmok.naver?code=KOSPI200&page=1
162,001800,오리온홀딩스,,Y,2026-08-23,https://finance.naver.com/sise/entryJongmok.naver?code=KOSPI200&page=1
163,120110,코오롱인더,,Y,2026-08-23,https://finance.naver.com/sise/entryJongmok.naver?code=KOSPI200&page=1
164,006280,녹십자,,Y,2026-08-23,https://finance.naver.com/sise/entryJongmok.naver?code=KOSPI200&page=1
165,001430,세아베스틸지주,,Y,2026-08-23,https://finance.naver.com/sise/entryJongmok.naver?code=KOSPI200&page=1
166,069620,대웅제약,,Y,2026-08-23,https://finance.naver.com/sise/entryJongmok.naver?code=KOSPI200&page=1
167,298020,효성티앤씨,,Y,2026-08-23,https://finance.naver.com/sise/entryJongmok.naver?code=KOSPI200&page=1
168,007310,오뚜기,,Y,2026-08-23,https://finance.naver.com/sise/entryJongmok.naver?code=KOSPI200&page=1
169,093370,후성,,Y,2026-08-23,https://finance.naver.com/sise/entryJongmok.naver?code=KOSPI200&page=1
170,192080,더블유게임즈,,Y,2026-08-23,https://finance.naver.com/sise/entryJongmok.naver?code=KOSPI200&page=1
171,280360,롯데웰푸드,,Y,2026-08-23,https://finance.naver.com/sise/entryJongmok.naver?code=KOSPI200&page=1
172,017960,한국카본,,Y,2026-08-23,https://finance.naver.com/sise/entryJongmok.naver?code=KOSPI200&page=1
173,300720,한일시멘트,,Y,2026-08-23,https://finance.naver.com/sise/entryJongmok.naver?code=KOSPI200&page=1
174,361610,SK아이이테크놀로지,,Y,2026-08-23,https://finance.naver.com/sise/entryJongmok.naver?code=KOSPI200&page=1
175,004000,롯데정밀화학,,Y,2026-08-23,https://finance.naver.com/sise/entryJongmok.naver?code=KOSPI200&page=1
176,000080,하이트진로,,Y,2026-08-23,https://finance.naver.com/sise/entryJongmok.naver?code=KOSPI200&page=1
177,000210,DL,,Y,2026-08-23,https://finance.naver.com/sise/entryJongmok.naver?code=KOSPI200&page=1
178,003240,태광산업,,Y,2026-08-23,https://finance.naver.com/sise/entryJongmok.naver?code=KOSPI200&page=1
179,003090,대웅,,Y,2026-08-23,https://finance.naver.com/sise/entryJongmok.naver?code=KOSPI200&page=1
180,185750,종근당,,Y,2026-08-23,https://finance.naver.com/sise/entryJongmok.naver?code=KOSPI200&page=1
181,005300,롯데칠성,,Y,2026-08-23,https://finance.naver.com/sise/entryJongmok.naver?code=KOSPI200&page=1
182,009240,한샘,,Y,2026-08-23,https://finance.naver.com/sise/entryJongmok.naver?code=KOSPI200&page=1
183,285130,SK케미칼,,Y,2026-08-23,https://finance.naver.com/sise/entryJongmok.naver?code=KOSPI200&page=1
184,034230,파라다이스,,Y,2026-08-23,https://finance.naver.com/sise/entryJongmok.naver?code=KOSPI200&page=1
185,071320,지역난방공사,,Y,2026-08-23,https://finance.naver.com/sise/entryJongmok.naver?code=KOSPI200&page=1
186,298050,HS효성첨단소재,,Y,2026-08-23,https://finance.naver.com/sise/entryJongmok.naver?code=KOSPI200&page=1
187,456040,OCI,,Y,2026-08-23,https://finance.naver.com/sise/entryJongmok.naver?code=KOSPI200&page=1
188,137310,에스디바이오센서,,Y,2026-08-23,https://finance.naver.com/sise/entryJongmok.naver?code=KOSPI200&page=1
189,000670,영풍,,Y,2026-08-23,https://finance.naver.com/sise/entryJongmok.naver?code=KOSPI200&page=1
190,268280,미원에스씨,,Y,2026-08-23,https://finance.naver.com/sise/entryJongmok.naver?code=KOSPI200&page=1
191,069260,TKG휴켐스,,Y,2026-08-23,https://finance.naver.com/sise/entryJongmok.naver?code=KOSPI200&page=1
192,001680,대상,,Y,2026-08-23,https://finance.naver.com/sise/entryJongmok.naver?code=KOSPI200&page=1
193,014820,동원시스템즈,,Y,2026-08-23,https://finance.naver.com/sise/entryJongmok.naver?code=KOSPI200&page=1
194,002840,미원상사,,Y,2026-08-23,https://finance.naver.com/sise/entryJongmok.naver?code=KOSPI200&page=1
195,006650,대한유화,,Y,2026-08-23,https://finance.naver.com/sise/entryJongmok.naver?code=KOSPI200&page=1
196,003030,세아제강지주,,Y,2026-08-23,https://finance.naver.com/sise/entryJongmok.naver?code=KOSPI200&page=1
197,005420,코스모화학,,Y,2026-08-23,https://finance.naver.com/sise/entryJongmok.naver?code=KOSPI200&page=1
198,002030,아세아,,Y,2026-08-23,https://finance.naver.com/sise/entryJongmok.naver?code=KOSPI200&page=1
199,008730,율촌화학,,Y,2026-08-23,https://finance.naver.com/sise/entryJongmok.naver?code=KOSPI200&page=1
